{
  "Component-preload.js": 1614918186003,
  "manifest.json": 1614918186029,
  "model/models.js": 1614910721009,
  "controller/Suppliers.controller.js": 1614910721017,
  "Component.js": 1614910721009,
  "manifest-bundle.zip": 1614918185807,
  "i18n/i18n.properties": 1614910721009,
  "Component-dbg.js": 1614910721009,
  "controller/Suppliers-dbg.controller.js": 1614910721017,
  "model/models-dbg.js": 1614910721009,
  "resources.json": 1614918186032,
  "view/Suppliers.view.xml": 1614911720874,
  "css/style.css": 1614910721009,
  "index.html": 1614910721009
}